{"cameraMode":{"drawMode":0,"name":"Shaded","section":"Shading Mode"},"sceneLighting":true,"audioPlay":false,"sceneViewState":{"showFog":false,"showMaterialUpdate":false,"showSkybox":false,"showFlares":false,"showImageEffects":false,"showParticleSystems":false},"in2DMode":false,"pivot":{"x":23.007871627807618,"y":-13.609516143798829,"z":14.94477653503418},"rotation":{"x":0.17168277502059937,"y":0.44917356967926028,"z":-0.08840099722146988,"w":0.8723415732383728},"size":55.128360748291019,"orthographic":false}