{"cameraMode":{"drawMode":0,"name":"Shaded","section":"Shading Mode"},"sceneLighting":true,"audioPlay":false,"sceneViewState":{"showFog":true,"showMaterialUpdate":false,"showSkybox":true,"showFlares":true,"showImageEffects":true,"showParticleSystems":true},"in2DMode":false,"pivot":{"x":-1.1267062425613404,"y":-11.572360038757325,"z":40.477684020996097},"rotation":{"x":-0.15271051228046418,"y":0.0005902267876081169,"z":-0.00009178047912428156,"w":-0.9882772564888},"size":57.80911636352539,"orthographic":false}