{"cameraMode":{"drawMode":0,"name":"Shaded","section":"Shading Mode"},"sceneLighting":true,"audioPlay":false,"sceneViewState":{"showFog":true,"showMaterialUpdate":false,"showSkybox":true,"showFlares":true,"showImageEffects":true,"showParticleSystems":true},"in2DMode":false,"pivot":{"x":-0.20560958981513978,"y":-11.572380065917969,"z":40.478580474853519},"rotation":{"x":-0.15271051228046418,"y":0.0005902267876081169,"z":-0.00009178047912428156,"w":-0.9882772564888},"size":56.91211700439453,"orthographic":false}